onset_cue,count,percentage
after,269,56.158663883089766
bandang,65,13.569937369519833
kagabi,59,12.31732776617954
kanina,59,12.31732776617954
before breakfast,26,5.427974947807933
hour,1,0.20876826722338201
